firstname,middleInitial,lastname,username,email,streetaddress,city,zipcode,state,country,department,password,telephone,jobtitle,company,ou,HomeDirectory,HomeDrive,ProfilePath
Madelief,M,Smets,Mad_Sme,Mad_Sme@AventusRocks162910.local,Laan van de Mensenrechten 500,Apeldoorn,7331 VZ,Gelderland,Nederland,Directeur,Pa$$w0rd,214-800-4101,Directeur,AventusRocks,"OU=Directie,OU=Afdelingen,DC=PoliForma,DC=nl",\\DC162910\UserFolders$\%username%,Z:,\\DC162910\UserProfiles$\%username%
Jolanda,J.L.B.,Brands,Jol_Bra,Jol_Bra@AventusRocks162910.local,Laan van de Mensenrechten 500,Apeldoorn,7331 VZ,Gelderland,Nederland,Adjunct Automatisering,Pa$$w0rd,214-800-4111,Adjunct-directeur,AventusRocks,"OU=Directie,OU=Afdelingen,DC=PoliForma,DC=nl",\\DC162910\UserFolders$\%username%,Z:,\\DC162910\UserProfiles$\%username%
Henk,H,Pell,Hen_Pel,Hen_Pel@AventusRocks162910.local,Laan van de Mensenrechten 500,Apeldoorn,7331 VZ,Gelderland,Nederland,Adjunct Verkoop,Pa$$w0rd,214-800-4131,Adjunct-directeur,AventusRocks,"OU=Directie,OU=Afdelingen,DC=PoliForma,DC=nl",\\DC162910\UserFolders$\%username%,Z:,\\DC162910\UserProfiles$\%username%
Teus,T,de Jong,Teu_Jon,Teu_Jon@AventusRocks162910.local,Laan van de Mensenrechten 500,Apeldoorn,7331 VZ,Gelderland,Nederland,Adjunct Administratie,Pa$$w0rd,214-800-4087,Adjunct-directeur,AventusRocks,"OU=Directie,OU=Afdelingen,DC=PoliForma,DC=nl",\\DC162910\UserFolders$\%username%,Z:,\\DC162910\UserProfiles$\%username%
Dick,D.M.S.,Brinkman,Dic_Bri,Dic_Bri@AventusRocks162910.local,Laan van de Mensenrechten 500,Apeldoorn,7331 VZ,Gelderland,Nederland,Adjunct Productie,Pa$$w0rd,214-800-4612,Adjunct Productie,AventusRocks,"OU=Directie,OU=Afdelingen,DC=PoliForma,DC=nl",\\DC162910\UserFolders$\%username%,Z:,\\DC162910\UserProfiles$\%username%
Danique,D,Voss,Dan_Vos,Dan_Vos@AventusRocks162910.local,Laan van de Mensenrechten 500,Apeldoorn,7331 VZ,Gelderland,Nederland,Hoofd Staf,Pa$$w0rd,214-800-4003,Hoofd,AventusRocks,"OU=Staf,OU=Afdelingen,DC=PoliForma,DC=nl",\\DC162910\UserFolders$\%username%,Z:,\\DC162910\UserProfiles$\%username%
Loes,L,Heijnen,Loe_Hei,Loe_Hei@AventusRocks162910.local,Laan van de Mensenrechten 500,Apeldoorn,7331 VZ,Gelderland,Nederland,Receptioniste/Telefoniste,Pa$$w0rd,214-800-4001,Medewerker,AventusRocks,"OU=Staf,OU=Afdelingen,DC=PoliForma,DC=nl",\\DC162910\UserFolders$\%username%,Z:,\\DC162910\UserProfiles$\%username%
Wiel,W.N.N.,Nouwen,Wie_Nou,Wie_Nou@AventusRocks162910.local,Laan van de Mensenrechten 500,Apeldoorn,7331 VZ,Gelderland,Nederland,Account Manager,Pa$$w0rd,214-800-4077,Medewerker,AventusRocks,"OU=Verkoop,OU=Afdelingen,DC=PoliForma,DC=nl",\\DC162910\UserFolders$\%username%,Z:,\\DC162910\UserProfiles$\%username%
Dirk,D,Bogert,Dir_Bog,Dir_Bog@AventusRocks162910.local,Laan van de Mensenrechten 500,Apeldoorn,7331 VZ,Gelderland,Nederland,Boekhouder,Pa$$w0rd,214-800-4142,Medewerker,AventusRocks,"OU=Administratie,OU=Afdelingen,DC=PoliForma,DC=nl",\\DC162910\UserFolders$\%username%,Z:,\\DC162910\UserProfiles$\%username%
Karin,K,Visse,Kar_Vis,Kar_Vis@AventusRocks162910.local,Laan van de Mensenrechten 500,Apeldoorn,7331 VZ,Gelderland,Nederland,Secretaresse,Pa$$w0rd,214-800-4206,Medewerker,AventusRocks,"OU=Productie,OU=Afdelingen,DC=PoliForma,DC=nl",\\DC162910\UserFolders$\%username%,Z:,\\DC162910\UserProfiles$\%username%
Herman,H.D.J.,Bommel,Her_Bom,Her_Bom@AventusRocks162910.local,Laan van de Mensenrechten 500,Apeldoorn,7331 VZ,Gelderland,Nederland,Inkoper/Magazijnbeheerder,Pa$$w0rd,214-800-4199,Medewerker,AventusRocks,"OU=Productie,OU=Afdelingen,DC=PoliForma,DC=nl",\\DC162910\UserFolders$\%username%,Z:,\\DC162910\UserProfiles$\%username%
Doortje,D,Heijnen,Doo_Hei,Doo_Hei@AventusRocks162910.local,Laan van de Mensenrechten 500,Apeldoorn,7331 VZ,Gelderland,Nederland,Productontwikkelaar,Pa$$w0rd,214-800-4163,Medewerker,AventusRocks,"OU=Productie,OU=Afdelingen,DC=PoliForma,DC=nl",\\DC162910\UserFolders$\%username%,Z:,\\DC162910\UserProfiles$\%username%
Peter,P,Carprieaux,Pet_Car,Pet_Car@AventusRocks162910.local,Laan van de Mensenrechten 500,Apeldoorn,7331 VZ,Gelderland,Nederland,Hoofd FabricageBudel,Pa$$w0rd,214-800-4218,Hoofd,AventusRocks,"OU=Productie,OU=Afdelingen,DC=PoliForma,DC=nl",\\DC162910\UserFolders$\%username%,Z:,\\DC162910\UserProfiles$\%username%
Will,W,Snellen,Wil_Sne,Wil_Sne@AventusRocks162910.local,Laan van de Mensenrechten 500,Apeldoorn,7331 VZ,Gelderland,Nederland,Chef Werkplaats,Pa$$w0rd,214-800-4200,Chef,AventusRocks,"OU=FabricageBudel,OU=Productie,OU=Afdelingen,DC=PoliForma,DC=nl",\\DC162910\UserFolders$\%username%,Z:,\\DC162910\UserProfiles$\%username%
Herbert,H,Schumacker,Her_Sch,Her_Sch@AventusRocks162910.local,Laan van de Mensenrechten 500,Apeldoorn,7331 VZ,Gelderland,Nederland,Medwerker Werkplaats,Pa$$w0rd,214-800-4200,Medewerker,AventusRocks,"OU=FabricageBudel,OU=Productie,OU=Afdelingen,DC=PoliForma,DC=nl",\\DC162910\UserFolders$\%username%,Z:,\\DC162910\UserProfiles$\%username%
Douwe,D,Muilenburg,Dou_Mui,Dou_Mui@AventusRocks162910.local,Laan van de Mensenrechten 500,Apeldoorn,7331 VZ,Gelderland,Nederland,Medwerker Werkplaats,Pa$$w0rd,214-800-4200,Medewerker,AventusRocks,"OU=FabricageBudel,OU=Productie,OU=Afdelingen,DC=PoliForma,DC=nl",\\DC162910\UserFolders$\%username%,Z:,\\DC162910\UserProfiles$\%username%
Ruud,R,Zee,Ruu_Zee,Ruu_Zee@AventusRocks162910.local,Laan van de Mensenrechten 500,Apeldoorn,7331 VZ,Gelderland,Nederland,Medwerker Werkplaats,Pa$$w0rd,214-800-4200,Medewerker,AventusRocks,"OU=FabricageBudel,OU=Productie,OU=Afdelingen,DC=PoliForma,DC=nl",\\DC162910\UserFolders$\%username%,Z:,\\DC162910\UserProfiles$\%username%
Guido,G.J.J.,essen,Gui_Ess,Gui_Ess@AventusRocks162910.local,Laan van de Mensenrechten 500,Apeldoorn,7331 VZ,Gelderland,Nederland,Medwerker Werkplaats,Pa$$w0rd,214-800-4200,Medewerker,AventusRocks,"OU=FabricageBudel,OU=Productie,OU=Afdelingen,DC=PoliForma,DC=nl",\\DC162910\UserFolders$\%username%,Z:,\\DC162910\UserProfiles$\%username%
Johan,J,Hiniker,Joh_Hin,Joh_Hin@AventusRocks162910.local,Laan van de Mensenrechten 500,Apeldoorn,7331 VZ,Gelderland,Nederland,Medwerker Werkplaats,Pa$$w0rd,214-800-4200,Medewerker,AventusRocks,"OU=FabricageBudel,OU=Productie,OU=Afdelingen,DC=PoliForma,DC=nl",\\DC162910\UserFolders$\%username%,Z:,\\DC162910\UserProfiles$\%username%
Jozef,J,Mier,Joz_Mie,Joz_Mie@AventusRocks162910.local,Laan van de Mensenrechten 500,Apeldoorn,7331 VZ,Gelderland,Nederland,Medwerker Werkplaats,Pa$$w0rd,214-800-4200,Medewerker,AventusRocks,"OU=FabricageBudel,OU=Productie,OU=Afdelingen,DC=PoliForma,DC=nl",\\DC162910\UserFolders$\%username%,Z:,\\DC162910\UserProfiles$\%username%
Wilhelmus,W.J.P.,Limmer,Wil_Lim,Wil_Lim@AventusRocks162910.local,Laan van de Mensenrechten 500,Apeldoorn,7331 VZ,Gelderland,Nederland,Medwerker Werkplaats,Pa$$w0rd,214-800-4200,Medewerker,AventusRocks,"OU=FabricageBudel,OU=Productie,OU=Afdelingen,DC=PoliForma,DC=nl",\\DC162910\UserFolders$\%username%,Z:,\\DC162910\UserProfiles$\%username%
Hans,H.W.P.,Slyke,Han_Sly,Han_Sly@AventusRocks162910.local,Laan van de Mensenrechten 500,Apeldoorn,7331 VZ,Gelderland,Nederland,Medwerker Werkplaats,Pa$$w0rd,214-800-4200,Medewerker,AventusRocks,"OU=FabricageBudel,OU=Productie,OU=Afdelingen,DC=PoliForma,DC=nl",\\DC162910\UserFolders$\%username%,Z:,\\DC162910\UserProfiles$\%username%
Pier,P.J.G.,Steketee,Pie_Ste,Pie_Ste@AventusRocks162910.local,Laan van de Mensenrechten 500,Apeldoorn,7331 VZ,Gelderland,Nederland,Medwerker Werkplaats,Pa$$w0rd,214-800-4200,Medewerker,AventusRocks,"OU=FabricageBudel,OU=Productie,OU=Afdelingen,DC=PoliForma,DC=nl",\\DC162910\UserFolders$\%username%,Z:,\\DC162910\UserProfiles$\%username%
Arjen,A.J.J.,Leick,Arj_Lei,Arj_Lei@AventusRocks162910.local,Laan van de Mensenrechten 500,Apeldoorn,7331 VZ,Gelderland,Nederland,Medwerker Werkplaats,Pa$$w0rd,214-800-4200,Medewerker,AventusRocks,"OU=FabricageBudel,OU=Productie,OU=Afdelingen,DC=PoliForma,DC=nl",\\DC162910\UserFolders$\%username%,Z:,\\DC162910\UserProfiles$\%username%
Guus,G.J.B.,Pleines,Guu_Ple,Guu_Ple@AventusRocks162910.local,Laan van de Mensenrechten 500,Apeldoorn,7331 VZ,Gelderland,Nederland,Medwerker Werkplaats,Pa$$w0rd,214-800-4200,Medewerker,AventusRocks,"OU=FabricageBudel,OU=Productie,OU=Afdelingen,DC=PoliForma,DC=nl",\\DC162910\UserFolders$\%username%,Z:,\\DC162910\UserProfiles$\%username%
Rien,R.B.W.,Bolmer,Rie_Bol,Rie_Bol@AventusRocks162910.local,Laan van de Mensenrechten 500,Apeldoorn,7331 VZ,Gelderland,Nederland,Medwerker Werkplaats,Pa$$w0rd,214-800-4200,Medewerker,AventusRocks,"OU=FabricageBudel,OU=Productie,OU=Afdelingen,DC=PoliForma,DC=nl",\\DC162910\UserFolders$\%username%,Z:,\\DC162910\UserProfiles$\%username%
Petr,P,Weyer,Pet_Wey,Pet_Wey@AventusRocks162910.local,Laan van de Mensenrechten 500,Apeldoorn,7331 VZ,Gelderland,Nederland,Medwerker Werkplaats,Pa$$w0rd,214-800-4200,Medewerker,AventusRocks,"OU=FabricageBudel,OU=Productie,OU=Afdelingen,DC=PoliForma,DC=nl",\\DC162910\UserFolders$\%username%,Z:,\\DC162910\UserProfiles$\%username%
Anton,A,Mentink,Ant_Men,Ant_Men@AventusRocks162910.local,Laan van de Mensenrechten 500,Apeldoorn,7331 VZ,Gelderland,Nederland,Medwerker Werkplaats,Pa$$w0rd,214-800-4200,Medewerker,AventusRocks,"OU=FabricageBudel,OU=Productie,OU=Afdelingen,DC=PoliForma,DC=nl",\\DC162910\UserFolders$\%username%,Z:,\\DC162910\UserProfiles$\%username%
Ijsbrand,I.J.C.,Bomgaars,Ijs_Bom,Ijs_Bom@AventusRocks162910.local,Laan van de Mensenrechten 500,Apeldoorn,7331 VZ,Gelderland,Nederland,Medwerker Werkplaats,Pa$$w0rd,214-800-4200,Medewerker,AventusRocks,"OU=FabricageBudel,OU=Productie,OU=Afdelingen,DC=PoliForma,DC=nl",\\DC162910\UserFolders$\%username%,Z:,\\DC162910\UserProfiles$\%username%
bernard,B.G.J.,Louks,Ber_Lou,Ber_Lou@AventusRocks162910.local,Laan van de Mensenrechten 500,Apeldoorn,7331 VZ,Gelderland,Nederland,Medwerker Werkplaats,Pa$$w0rd,214-800-4200,Medewerker,AventusRocks,"OU=FabricageBudel,OU=Productie,OU=Afdelingen,DC=PoliForma,DC=nl",\\DC162910\UserFolders$\%username%,Z:,\\DC162910\UserProfiles$\%username%
Klaas,K,Lust,Kla_Lus,Kla_Lus@AventusRocks162910.local,Laan van de Mensenrechten 500,Apeldoorn,7331 VZ,Gelderland,Nederland,Medwerker Werkplaats,Pa$$w0rd,214-800-4200,Medewerker,AventusRocks,"OU=FabricageBudel,OU=Productie,OU=Afdelingen,DC=PoliForma,DC=nl",\\DC162910\UserFolders$\%username%,Z:,\\DC162910\UserProfiles$\%username%
Jaap,J,Vandersloot,Jaa_Van,Jaa_Van@AventusRocks162910.local,Laan van de Mensenrechten 500,Apeldoorn,7331 VZ,Gelderland,Nederland,Medwerker Werkplaats,Pa$$w0rd,214-800-4200,Medewerker,AventusRocks,"OU=FabricageBudel,OU=Productie,OU=Afdelingen,DC=PoliForma,DC=nl",\\DC162910\UserFolders$\%username%,Z:,\\DC162910\UserProfiles$\%username%
Pieter,R,Pals,Pie_Pal,Pie_Pal@AventusRocks162910.local,Laan van de Mensenrechten 500,Apeldoorn,7331 VZ,Gelderland,Nederland,Medwerker Werkplaats,Pa$$w0rd,214-800-4200,Medewerker,AventusRocks,"OU=FabricageBudel,OU=Productie,OU=Afdelingen,DC=PoliForma,DC=nl",\\DC162910\UserFolders$\%username%,Z:,\\DC162910\UserProfiles$\%username%
Pier,P.B.J.,Steketee,Pie_Ste,Pie_Ste@AventusRocks162910.local,Laan van de Mensenrechten 500,Apeldoorn,7331 VZ,Gelderland,Nederland,Medwerker Werkplaats,Pa$$w0rd,214-800-4200,Medewerker,AventusRocks,"OU=FabricageBudel,OU=Productie,OU=Afdelingen,DC=PoliForma,DC=nl",\\DC162910\UserFolders$\%username%,Z:,\\DC162910\UserProfiles$\%username%
Niels,N.J.P.,Smets,Nie_Sme,Nie_Sme@AventusRocks162910.local,Laan van de Mensenrechten 500,Apeldoorn,7331 VZ,Gelderland,Nederland,Productcontroleur,Pa$$w0rd,214-800-4251,Medewerker,AventusRocks,"OU=FabricageBudel,OU=Productie,OU=Afdelingen,DC=PoliForma,DC=nl",\\DC162910\UserFolders$\%username%,Z:,\\DC162910\UserProfiles$\%username%
Floris,F.L.D.,Flipse,Flo_Fli,Flo_Fli@AventusRocks162910.local,Laan van de Mensenrechten 500,Apeldoorn,7331 VZ,Gelderland,Nederland,Chef Onderhoud,Pa$$w0rd,214-800-4266,Chef,AventusRocks,"OU=FabricageBudel,OU=Productie,OU=Afdelingen,DC=PoliForma,DC=nl",\\DC162910\UserFolders$\%username%,Z:,\\DC162910\UserProfiles$\%username%
Wim,W,Snel,Wim_Sne,Wim_Sne@AventusRocks162910.local,Laan van de Mensenrechten 500,Apeldoorn,7331 VZ,Gelderland,Nederland,Medewerker Onderhoud,Pa$$w0rd,214-800-4266,Medewerker,AventusRocks,"OU=FabricageBudel,OU=Productie,OU=Afdelingen,DC=PoliForma,DC=nl",\\DC162910\UserFolders$\%username%,Z:,\\DC162910\UserProfiles$\%username%
Fons,F,Wiegers,Fon_Wie,Fon_Wie@AventusRocks162910.local,Laan van de Mensenrechten 500,Apeldoorn,7331 VZ,Gelderland,Nederland,Medewerker Onderhoud,Pa$$w0rd,214-800-4266,Medewerker,AventusRocks,"OU=FabricageBudel,OU=Productie,OU=Afdelingen,DC=PoliForma,DC=nl",\\DC162910\UserFolders$\%username%,Z:,\\DC162910\UserProfiles$\%username%
Bart,B.J.G.,Boer,Bart_Boe,Bart_Boe@AventusRocks162910.local,Laan van de Mensenrechten 500,Apeldoorn,7331 VZ,Gelderland,Nederland,Medewerker Onderhoud,Pa$$w0rd,214-800-4266,Medewerker,AventusRocks,"OU=FabricageBudel,OU=Productie,OU=Afdelingen,DC=PoliForma,DC=nl",\\DC162910\UserFolders$\%username%,Z:,\\DC162910\UserProfiles$\%username%
Fons,F,Willemsen,Fon_Wil,Fon_Wil@AventusRocks162910.local,Laan van de Mensenrechten 500,Apeldoorn,7331 VZ,Gelderland,Nederland,CNC-programmeur,Pa$$w0rd,214-800-4208,Medewerker,AventusRocks,"OU=FabricageBudel,OU=Productie,OU=Afdelingen,DC=PoliForma,DC=nl",\\DC162910\UserFolders$\%username%,Z:,\\DC162910\UserProfiles$\%username%
Jan,J.W.J.,Smets,Jan_Sme,Jan_Sme@AventusRocks162910.local,Laan van de Mensenrechten 500,Apeldoorn,7331 VZ,Gelderland,Nederland,ICT- en Netwerkbeheerder,Pa$$w0rd,214-800-4171,Medewerker,AventusRocks,"OU=Automatisering,OU=Afdelingen,DC=PoliForma,DC=nl",\\DC162910\UserFolders$\%username%,Z:,\\DC162910\UserProfiles$\%username%
